CandleTime,UtcTime,Signal,ProdTrade,SkipReason,Classification
1779798900,2026-05-26 12:35 UTC,,,engine_stopped,other_skip
1779799200,2026-05-26 12:40 UTC,,,no_signal,no_signal
1779799500,2026-05-26 12:45 UTC,,,no_signal,no_signal
1779799800,2026-05-26 12:50 UTC,,,no_signal,no_signal
1779800100,2026-05-26 12:55 UTC,,,no_signal,no_signal
1779800400,2026-05-26 13:00 UTC,,,no_signal,no_signal
1779800700,2026-05-26 13:05 UTC,,,no_signal,no_signal
1779801000,2026-05-26 13:10 UTC,,,no_signal,no_signal
1779801300,2026-05-26 13:15 UTC,,,no_signal,no_signal
1779801600,2026-05-26 13:20 UTC,,,no_signal,no_signal
1779801900,2026-05-26 13:25 UTC,,,no_signal,no_signal
1779802200,2026-05-26 13:30 UTC,long,yes,,aligned
1779802500,2026-05-26 13:35 UTC,long,yes,,aligned
1779802800,2026-05-26 13:40 UTC,,,no_signal,no_signal
1779803100,2026-05-26 13:45 UTC,,,no_signal,no_signal
1779803400,2026-05-26 13:50 UTC,short,yes,,aligned
1779803700,2026-05-26 13:55 UTC,,,no_signal,no_signal
1779804000,2026-05-26 14:00 UTC,,,no_signal,no_signal
1779804300,2026-05-26 14:05 UTC,,,no_signal,no_signal
1779804600,2026-05-26 14:10 UTC,,,no_signal,no_signal
1779804900,2026-05-26 14:15 UTC,short,,entry_price_out_of_range,execution_skip
1779805200,2026-05-26 14:20 UTC,short,yes,,aligned
1779805500,2026-05-26 14:25 UTC,short,yes,,aligned
1779805800,2026-05-26 14:30 UTC,short,yes,,aligned
1779806100,2026-05-26 14:35 UTC,short,yes,,aligned
1779806400,2026-05-26 14:40 UTC,long,yes,,aligned
1779806700,2026-05-26 14:45 UTC,long,yes,,aligned
1779807000,2026-05-26 14:50 UTC,,,no_signal,no_signal
1779807300,2026-05-26 14:55 UTC,,,no_signal,no_signal
1779807600,2026-05-26 15:00 UTC,long,,engine_stopped,missed_signal
1779807900,2026-05-26 15:05 UTC,long,,entry_price_out_of_range,execution_skip
1779808200,2026-05-26 15:10 UTC,long,yes,,aligned
1779808500,2026-05-26 15:15 UTC,,,no_signal,no_signal
1779808800,2026-05-26 15:20 UTC,long,yes,,aligned
1779809100,2026-05-26 15:25 UTC,long,yes,,aligned
1779809400,2026-05-26 15:30 UTC,long,yes,,aligned
1779809700,2026-05-26 15:35 UTC,long,,entry_price_out_of_range,execution_skip
1779810000,2026-05-26 15:40 UTC,long,yes,,aligned
1779810300,2026-05-26 15:45 UTC,long,yes,,aligned
1779810600,2026-05-26 15:50 UTC,long,yes,,aligned
1779810900,2026-05-26 15:55 UTC,long,,order_failed,execution_skip
1779811200,2026-05-26 16:00 UTC,long,yes,,aligned
1779811500,2026-05-26 16:05 UTC,long,yes,,aligned
1779811800,2026-05-26 16:10 UTC,long,yes,,aligned
1779812100,2026-05-26 16:15 UTC,long,yes,,aligned
1779812400,2026-05-26 16:20 UTC,long,yes,,aligned
1779812700,2026-05-26 16:25 UTC,,,no_signal,no_signal
1779813000,2026-05-26 16:30 UTC,,,no_signal,no_signal
1779813300,2026-05-26 16:35 UTC,,,no_signal,no_signal
1779813600,2026-05-26 16:40 UTC,,,no_signal,no_signal
1779813900,2026-05-26 16:45 UTC,,,no_signal,no_signal
1779814200,2026-05-26 16:50 UTC,,,no_signal,no_signal
1779814500,2026-05-26 16:55 UTC,,,no_signal,no_signal
1779814800,2026-05-26 17:00 UTC,,,no_signal,no_signal
1779815100,2026-05-26 17:05 UTC,,,no_signal,no_signal
1779815400,2026-05-26 17:10 UTC,,,no_signal,no_signal
1779815700,2026-05-26 17:15 UTC,,,no_signal,no_signal
1779816000,2026-05-26 17:20 UTC,long,,no_market,missed_signal
1779816300,2026-05-26 17:25 UTC,long,yes,,aligned
1779816600,2026-05-26 17:30 UTC,long,,order_failed,execution_skip
1779816900,2026-05-26 17:35 UTC,long,yes,,aligned
1779817200,2026-05-26 17:40 UTC,long,yes,,aligned
1779817500,2026-05-26 17:45 UTC,long,yes,,aligned
1779817800,2026-05-26 17:50 UTC,long,,entry_price_out_of_range,execution_skip
1779818100,2026-05-26 17:55 UTC,long,yes,,aligned
1779818400,2026-05-26 18:00 UTC,long,yes,,aligned
1779818700,2026-05-26 18:05 UTC,long,yes,,aligned
1779819000,2026-05-26 18:10 UTC,long,yes,,aligned
1779819300,2026-05-26 18:15 UTC,long,yes,,aligned
1779819600,2026-05-26 18:20 UTC,,,no_signal,no_signal
1779819900,2026-05-26 18:25 UTC,,,no_signal,no_signal
1779820200,2026-05-26 18:30 UTC,,,no_signal,no_signal
1779820500,2026-05-26 18:35 UTC,,,no_signal,no_signal
1779820800,2026-05-26 18:40 UTC,,,no_signal,no_signal
1779821100,2026-05-26 18:45 UTC,long,yes,,aligned
1779821400,2026-05-26 18:50 UTC,long,yes,,aligned
1779821700,2026-05-26 18:55 UTC,long,yes,,aligned
1779822000,2026-05-26 19:00 UTC,long,yes,,aligned
1779822300,2026-05-26 19:05 UTC,long,,entry_price_out_of_range,execution_skip
1779822600,2026-05-26 19:10 UTC,long,,entry_price_out_of_range,execution_skip
1779822900,2026-05-26 19:15 UTC,long,yes,,aligned
1779823200,2026-05-26 19:20 UTC,long,,entry_price_out_of_range,execution_skip
1779823500,2026-05-26 19:25 UTC,long,,entry_price_out_of_range,execution_skip
1779823800,2026-05-26 19:30 UTC,,,no_signal,no_signal
1779824100,2026-05-26 19:35 UTC,,,no_signal,no_signal
1779824400,2026-05-26 19:40 UTC,,,no_signal,no_signal
1779824700,2026-05-26 19:45 UTC,,,no_signal,no_signal
1779825000,2026-05-26 19:50 UTC,,,no_signal,no_signal
1779825300,2026-05-26 19:55 UTC,,,no_signal,no_signal
1779825600,2026-05-26 20:00 UTC,,,no_signal,no_signal
1779825900,2026-05-26 20:05 UTC,,,no_signal,no_signal
1779826200,2026-05-26 20:10 UTC,,,no_signal,no_signal
1779826500,2026-05-26 20:15 UTC,,,no_signal,no_signal
1779826800,2026-05-26 20:20 UTC,,,no_signal,no_signal
1779827100,2026-05-26 20:25 UTC,,,no_signal,no_signal
1779827400,2026-05-26 20:30 UTC,,,no_signal,no_signal
1779827700,2026-05-26 20:35 UTC,,,no_signal,no_signal
1779828000,2026-05-26 20:40 UTC,,,no_signal,no_signal
1779828300,2026-05-26 20:45 UTC,,,no_signal,no_signal
1779828600,2026-05-26 20:50 UTC,,,no_signal,no_signal
1779828900,2026-05-26 20:55 UTC,,,no_signal,no_signal
1779829200,2026-05-26 21:00 UTC,,,no_signal,no_signal
1779829500,2026-05-26 21:05 UTC,,,no_signal,no_signal
1779829800,2026-05-26 21:10 UTC,,,no_signal,no_signal
1779830100,2026-05-26 21:15 UTC,long,yes,,aligned
1779830400,2026-05-26 21:20 UTC,,,no_signal,no_signal
1779830700,2026-05-26 21:25 UTC,,,no_signal,no_signal
1779831000,2026-05-26 21:30 UTC,,,no_signal,no_signal
1779831300,2026-05-26 21:35 UTC,,,no_signal,no_signal
1779831600,2026-05-26 21:40 UTC,,,no_signal,no_signal
1779831900,2026-05-26 21:45 UTC,,,no_signal,no_signal
1779832200,2026-05-26 21:50 UTC,,,no_signal,no_signal
1779832500,2026-05-26 21:55 UTC,,,no_signal,no_signal
1779832800,2026-05-26 22:00 UTC,long,yes,,aligned
1779833100,2026-05-26 22:05 UTC,,,no_signal,no_signal
1779833400,2026-05-26 22:10 UTC,long,yes,,aligned
1779833700,2026-05-26 22:15 UTC,long,yes,,aligned
1779834000,2026-05-26 22:20 UTC,long,yes,,aligned
1779834300,2026-05-26 22:25 UTC,long,,entry_price_out_of_range,execution_skip
1779834600,2026-05-26 22:30 UTC,long,yes,,aligned
1779834900,2026-05-26 22:35 UTC,long,yes,,aligned
1779835200,2026-05-26 22:40 UTC,long,yes,,aligned
1779835500,2026-05-26 22:45 UTC,long,yes,,aligned
1779835800,2026-05-26 22:50 UTC,long,yes,,aligned
1779836100,2026-05-26 22:55 UTC,long,yes,,aligned
1779836400,2026-05-26 23:00 UTC,long,,entry_price_out_of_range,execution_skip
1779836700,2026-05-26 23:05 UTC,,,no_signal,no_signal
1779837000,2026-05-26 23:10 UTC,,,no_signal,no_signal
1779837300,2026-05-26 23:15 UTC,,,no_signal,no_signal
1779837600,2026-05-26 23:20 UTC,,,no_signal,no_signal
1779837900,2026-05-26 23:25 UTC,,,no_signal,no_signal
1779838200,2026-05-26 23:30 UTC,,,no_signal,no_signal
1779838500,2026-05-26 23:35 UTC,,,no_signal,no_signal
1779838800,2026-05-26 23:40 UTC,,,no_signal,no_signal
1779839100,2026-05-26 23:45 UTC,,,no_signal,no_signal
1779839400,2026-05-26 23:50 UTC,,,no_signal,no_signal
1779839700,2026-05-26 23:55 UTC,,,no_signal,no_signal
1779840000,2026-05-27 00:00 UTC,,,no_signal,no_signal
1779840300,2026-05-27 00:05 UTC,,,no_signal,no_signal
1779840600,2026-05-27 00:10 UTC,,,no_signal,no_signal
1779840900,2026-05-27 00:15 UTC,,,no_signal,no_signal
1779841200,2026-05-27 00:20 UTC,,,no_signal,no_signal
1779841500,2026-05-27 00:25 UTC,,,no_signal,no_signal
1779841800,2026-05-27 00:30 UTC,,,no_signal,no_signal
1779842100,2026-05-27 00:35 UTC,,,no_signal,no_signal
1779842400,2026-05-27 00:40 UTC,,,no_signal,no_signal
1779842700,2026-05-27 00:45 UTC,,,no_signal,no_signal
1779843000,2026-05-27 00:50 UTC,,,no_signal,no_signal
1779843300,2026-05-27 00:55 UTC,short,yes,,aligned
1779843600,2026-05-27 01:00 UTC,short,yes,,aligned
1779843900,2026-05-27 01:05 UTC,short,,entry_price_out_of_range,execution_skip
1779844200,2026-05-27 01:10 UTC,short,yes,,aligned
1779844500,2026-05-27 01:15 UTC,short,,entry_price_out_of_range,execution_skip
1779844800,2026-05-27 01:20 UTC,,,no_signal,no_signal
1779845100,2026-05-27 01:25 UTC,,,no_signal,no_signal
1779845400,2026-05-27 01:30 UTC,,,no_signal,no_signal
1779845700,2026-05-27 01:35 UTC,,,no_signal,no_signal
1779846000,2026-05-27 01:40 UTC,,,no_signal,no_signal
1779846300,2026-05-27 01:45 UTC,,,no_signal,no_signal
1779846600,2026-05-27 01:50 UTC,,,no_signal,no_signal
1779846900,2026-05-27 01:55 UTC,,,no_signal,no_signal
1779847200,2026-05-27 02:00 UTC,,,no_signal,no_signal
1779847500,2026-05-27 02:05 UTC,,,no_signal,no_signal
1779847800,2026-05-27 02:10 UTC,long,yes,,aligned
1779848100,2026-05-27 02:15 UTC,,,no_signal,no_signal
1779848400,2026-05-27 02:20 UTC,long,,entry_price_out_of_range,execution_skip
1779848700,2026-05-27 02:25 UTC,long,,entry_price_out_of_range,execution_skip
1779849000,2026-05-27 02:30 UTC,long,yes,,aligned
1779849300,2026-05-27 02:35 UTC,long,,entry_price_out_of_range,execution_skip
1779849600,2026-05-27 02:40 UTC,long,,entry_price_out_of_range,execution_skip
1779849900,2026-05-27 02:45 UTC,long,,entry_price_out_of_range,execution_skip
1779850200,2026-05-27 02:50 UTC,long,,entry_price_out_of_range,execution_skip
1779850500,2026-05-27 02:55 UTC,,,no_signal,no_signal
1779850800,2026-05-27 03:00 UTC,,,no_signal,no_signal
1779851100,2026-05-27 03:05 UTC,,,no_signal,no_signal
1779851400,2026-05-27 03:10 UTC,,,no_signal,no_signal
1779851700,2026-05-27 03:15 UTC,,,no_signal,no_signal
1779852000,2026-05-27 03:20 UTC,,,no_signal,no_signal
1779852300,2026-05-27 03:25 UTC,,,no_signal,no_signal
1779852600,2026-05-27 03:30 UTC,,,no_signal,no_signal
1779852900,2026-05-27 03:35 UTC,,,no_signal,no_signal
1779853200,2026-05-27 03:40 UTC,long,yes,,aligned
1779853500,2026-05-27 03:45 UTC,long,yes,,aligned
1779853800,2026-05-27 03:50 UTC,long,,order_failed,execution_skip
1779854100,2026-05-27 03:55 UTC,long,,entry_price_out_of_range,execution_skip
1779854400,2026-05-27 04:00 UTC,long,,entry_price_out_of_range,execution_skip
1779854700,2026-05-27 04:05 UTC,long,yes,,aligned
1779855000,2026-05-27 04:10 UTC,long,yes,,aligned
1779855300,2026-05-27 04:15 UTC,long,yes,,aligned
1779855600,2026-05-27 04:20 UTC,long,yes,,aligned
1779855900,2026-05-27 04:25 UTC,long,,entry_price_out_of_range,execution_skip
1779856200,2026-05-27 04:30 UTC,long,yes,,aligned
1779856500,2026-05-27 04:35 UTC,long,,entry_price_out_of_range,execution_skip
1779856800,2026-05-27 04:40 UTC,long,yes,,aligned
1779857100,2026-05-27 04:45 UTC,long,,entry_price_out_of_range,execution_skip
1779857400,2026-05-27 04:50 UTC,long,yes,,aligned
1779857700,2026-05-27 04:55 UTC,,,no_signal,no_signal
1779858000,2026-05-27 05:00 UTC,,,no_signal,no_signal
1779858300,2026-05-27 05:05 UTC,,,no_signal,no_signal
1779858600,2026-05-27 05:10 UTC,,,no_signal,no_signal
1779858900,2026-05-27 05:15 UTC,,,no_signal,no_signal
1779859200,2026-05-27 05:20 UTC,,,no_signal,no_signal
1779859500,2026-05-27 05:25 UTC,,,no_signal,no_signal
1779859800,2026-05-27 05:30 UTC,,,no_signal,no_signal
1779860100,2026-05-27 05:35 UTC,,,no_signal,no_signal
1779860400,2026-05-27 05:40 UTC,,,no_signal,no_signal
1779860700,2026-05-27 05:45 UTC,,,no_signal,no_signal
1779861000,2026-05-27 05:50 UTC,,,no_signal,no_signal
1779861300,2026-05-27 05:55 UTC,,,no_signal,no_signal
1779861600,2026-05-27 06:00 UTC,,,no_signal,no_signal
1779861900,2026-05-27 06:05 UTC,,,no_signal,no_signal
1779862200,2026-05-27 06:10 UTC,,,no_signal,no_signal
1779862500,2026-05-27 06:15 UTC,,,no_signal,no_signal
1779862800,2026-05-27 06:20 UTC,,,no_signal,no_signal
1779863100,2026-05-27 06:25 UTC,,,no_signal,no_signal
1779863400,2026-05-27 06:30 UTC,,,no_signal,no_signal
1779863700,2026-05-27 06:35 UTC,,,no_signal,no_signal
1779864000,2026-05-27 06:40 UTC,,,no_signal,no_signal
1779864300,2026-05-27 06:45 UTC,,,no_signal,no_signal
1779864600,2026-05-27 06:50 UTC,short,yes,,aligned
1779864900,2026-05-27 06:55 UTC,short,yes,,aligned
1779865200,2026-05-27 07:00 UTC,,,no_signal,no_signal
1779865500,2026-05-27 07:05 UTC,short,yes,,aligned
1779865800,2026-05-27 07:10 UTC,,,no_signal,no_signal
1779866100,2026-05-27 07:15 UTC,,,no_signal,no_signal
1779866400,2026-05-27 07:20 UTC,,,no_signal,no_signal
1779866700,2026-05-27 07:25 UTC,short,,entry_price_out_of_range,execution_skip
1779867000,2026-05-27 07:30 UTC,short,yes,,aligned
1779867300,2026-05-27 07:35 UTC,short,yes,,aligned
1779867600,2026-05-27 07:40 UTC,short,yes,,aligned
1779867900,2026-05-27 07:45 UTC,short,yes,,aligned
1779868200,2026-05-27 07:50 UTC,short,yes,,aligned
1779868500,2026-05-27 07:55 UTC,short,yes,,aligned
1779868800,2026-05-27 08:00 UTC,short,,entry_price_out_of_range,execution_skip
1779869100,2026-05-27 08:05 UTC,short,yes,,aligned
1779869400,2026-05-27 08:10 UTC,short,yes,,aligned
1779869700,2026-05-27 08:15 UTC,short,yes,,aligned
1779870000,2026-05-27 08:20 UTC,,,no_signal,no_signal
1779870300,2026-05-27 08:25 UTC,short,yes,,aligned
1779870600,2026-05-27 08:30 UTC,short,yes,,aligned
1779870900,2026-05-27 08:35 UTC,short,,entry_price_out_of_range,execution_skip
1779871200,2026-05-27 08:40 UTC,short,,entry_price_out_of_range,execution_skip
1779871500,2026-05-27 08:45 UTC,short,yes,,aligned
1779871800,2026-05-27 08:50 UTC,short,yes,,aligned
1779872100,2026-05-27 08:55 UTC,,,no_signal,no_signal
1779872400,2026-05-27 09:00 UTC,,,no_signal,no_signal
1779872700,2026-05-27 09:05 UTC,,,no_signal,no_signal
1779873000,2026-05-27 09:10 UTC,,,no_signal,no_signal
1779873300,2026-05-27 09:15 UTC,,,,no_signal
1779873600,2026-05-27 09:20 UTC,,,no_signal,no_signal
1779873900,2026-05-27 09:25 UTC,,,no_signal,no_signal
1779874200,2026-05-27 09:30 UTC,,,no_signal,no_signal
1779874500,2026-05-27 09:35 UTC,,,no_signal,no_signal
1779874800,2026-05-27 09:40 UTC,short,,entry_price_out_of_range,execution_skip
1779875100,2026-05-27 09:45 UTC,,,no_signal,no_signal
1779875400,2026-05-27 09:50 UTC,,,no_signal,no_signal
1779875700,2026-05-27 09:55 UTC,,,,no_signal
1779876000,2026-05-27 10:00 UTC,,,,no_signal
1779876300,2026-05-27 10:05 UTC,,,no_signal,no_signal
1779876600,2026-05-27 10:10 UTC,,,no_signal,no_signal
1779876900,2026-05-27 10:15 UTC,,,no_signal,no_signal
1779877200,2026-05-27 10:20 UTC,short,yes,,aligned
1779877500,2026-05-27 10:25 UTC,short,yes,,aligned
1779877800,2026-05-27 10:30 UTC,short,yes,,aligned
1779878100,2026-05-27 10:35 UTC,,,no_signal,no_signal
1779878400,2026-05-27 10:40 UTC,,,no_signal,no_signal
1779878700,2026-05-27 10:45 UTC,,,no_signal,no_signal
1779879000,2026-05-27 10:50 UTC,,,no_signal,no_signal
1779879300,2026-05-27 10:55 UTC,,,,no_signal
1779879600,2026-05-27 11:00 UTC,,,no_signal,no_signal
1779879900,2026-05-27 11:05 UTC,,,no_signal,no_signal
1779880200,2026-05-27 11:10 UTC,,,no_signal,no_signal
1779880500,2026-05-27 11:15 UTC,,,no_signal,no_signal
1779880800,2026-05-27 11:20 UTC,,,no_signal,no_signal
1779881100,2026-05-27 11:25 UTC,short,yes,,aligned
1779881400,2026-05-27 11:30 UTC,,,no_signal,no_signal
1779881700,2026-05-27 11:35 UTC,long,,entry_price_out_of_range,execution_skip
1779882000,2026-05-27 11:40 UTC,,,no_signal,no_signal
1779882300,2026-05-27 11:45 UTC,long,yes,,aligned
1779882600,2026-05-27 11:50 UTC,long,,entry_price_out_of_range,execution_skip
1779882900,2026-05-27 11:55 UTC,long,yes,,aligned
1779883200,2026-05-27 12:00 UTC,long,,entry_price_out_of_range,execution_skip
1779883500,2026-05-27 12:05 UTC,long,yes,,aligned
1779883800,2026-05-27 12:10 UTC,long,yes,,aligned
1779884100,2026-05-27 12:15 UTC,long,,entry_price_out_of_range,execution_skip
1779884400,2026-05-27 12:20 UTC,,,no_signal,no_signal
1779884700,2026-05-27 12:25 UTC,,,no_signal,no_signal
1779885000,2026-05-27 12:30 UTC,,,no_signal,no_signal
1779885300,2026-05-27 12:35 UTC,,,,no_signal
1779885600,2026-05-27 12:40 UTC,,,no_signal,no_signal
1779885900,2026-05-27 12:45 UTC,,,no_signal,no_signal
1779886200,2026-05-27 12:50 UTC,,,no_signal,no_signal
1779886500,2026-05-27 12:55 UTC,,,no_signal,no_signal
1779886800,2026-05-27 13:00 UTC,long,,entry_price_out_of_range,execution_skip
1779887100,2026-05-27 13:05 UTC,long,yes,,aligned
1779887400,2026-05-27 13:10 UTC,long,,entry_price_out_of_range,execution_skip
1779887700,2026-05-27 13:15 UTC,long,yes,,aligned
1779888000,2026-05-27 13:20 UTC,long,yes,,aligned
1779888300,2026-05-27 13:25 UTC,long,yes,,aligned
1779888600,2026-05-27 13:30 UTC,long,yes,,aligned
1779888900,2026-05-27 13:35 UTC,long,,entry_price_out_of_range,execution_skip
1779889200,2026-05-27 13:40 UTC,long,yes,,aligned
1779889500,2026-05-27 13:45 UTC,long,yes,,aligned
1779889800,2026-05-27 13:50 UTC,long,yes,,aligned
1779890100,2026-05-27 13:55 UTC,long,yes,,aligned
1779890400,2026-05-27 14:00 UTC,long,,entry_price_out_of_range,execution_skip
1779890700,2026-05-27 14:05 UTC,long,yes,,aligned
1779891000,2026-05-27 14:10 UTC,long,yes,,aligned
1779891300,2026-05-27 14:15 UTC,long,,entry_price_out_of_range,execution_skip
1779891600,2026-05-27 14:20 UTC,,,no_signal,no_signal
1779891900,2026-05-27 14:25 UTC,long,,entry_price_out_of_range,execution_skip
1779892200,2026-05-27 14:30 UTC,long,,entry_price_out_of_range,execution_skip
1779892500,2026-05-27 14:35 UTC,long,yes,,aligned
1779892800,2026-05-27 14:40 UTC,,,no_signal,no_signal
1779893100,2026-05-27 14:45 UTC,,,no_signal,no_signal
1779893400,2026-05-27 14:50 UTC,,,no_signal,no_signal
1779893700,2026-05-27 14:55 UTC,,,no_signal,no_signal
1779894000,2026-05-27 15:00 UTC,,,no_signal,no_signal
1779894300,2026-05-27 15:05 UTC,,,no_signal,no_signal
1779894600,2026-05-27 15:10 UTC,,,no_signal,no_signal
1779894900,2026-05-27 15:15 UTC,,,no_signal,no_signal
1779895200,2026-05-27 15:20 UTC,,,no_signal,no_signal
1779895500,2026-05-27 15:25 UTC,,,no_signal,no_signal
1779895800,2026-05-27 15:30 UTC,,,no_signal,no_signal
1779896100,2026-05-27 15:35 UTC,,,no_signal,no_signal
1779896400,2026-05-27 15:40 UTC,,,no_signal,no_signal
1779896700,2026-05-27 15:45 UTC,,,no_signal,no_signal
1779897000,2026-05-27 15:50 UTC,,,no_signal,no_signal
1779897300,2026-05-27 15:55 UTC,,,no_signal,no_signal
1779897600,2026-05-27 16:00 UTC,,,no_signal,no_signal
1779897900,2026-05-27 16:05 UTC,,,no_signal,no_signal
1779898200,2026-05-27 16:10 UTC,,,no_signal,no_signal
1779898500,2026-05-27 16:15 UTC,,,no_signal,no_signal
1779898800,2026-05-27 16:20 UTC,,,no_signal,no_signal
1779899100,2026-05-27 16:25 UTC,,,no_signal,no_signal
1779899400,2026-05-27 16:30 UTC,,,no_signal,no_signal
1779899700,2026-05-27 16:35 UTC,,,no_signal,no_signal
1779900000,2026-05-27 16:40 UTC,,,no_signal,no_signal
1779900300,2026-05-27 16:45 UTC,,,no_signal,no_signal
1779900600,2026-05-27 16:50 UTC,,,no_signal,no_signal
1779900900,2026-05-27 16:55 UTC,,,no_signal,no_signal
1779901200,2026-05-27 17:00 UTC,,,no_signal,no_signal
1779901500,2026-05-27 17:05 UTC,,,no_signal,no_signal
1779901800,2026-05-27 17:10 UTC,,,no_signal,no_signal
1779902100,2026-05-27 17:15 UTC,long,yes,,aligned
1779902400,2026-05-27 17:20 UTC,long,,entry_price_out_of_range,execution_skip
1779902700,2026-05-27 17:25 UTC,,,no_signal,no_signal
1779903000,2026-05-27 17:30 UTC,,,no_signal,no_signal
1779903300,2026-05-27 17:35 UTC,,,no_signal,no_signal
1779903600,2026-05-27 17:40 UTC,,,no_signal,no_signal
1779903900,2026-05-27 17:45 UTC,long,yes,,aligned
1779904200,2026-05-27 17:50 UTC,long,yes,,aligned
1779904500,2026-05-27 17:55 UTC,long,yes,,aligned
1779904800,2026-05-27 18:00 UTC,long,yes,,aligned
1779905100,2026-05-27 18:05 UTC,long,yes,,aligned
1779905400,2026-05-27 18:10 UTC,long,,entry_price_out_of_range,execution_skip
1779905700,2026-05-27 18:15 UTC,long,yes,,aligned
1779906000,2026-05-27 18:20 UTC,long,yes,,aligned
1779906300,2026-05-27 18:25 UTC,long,yes,,aligned
1779906600,2026-05-27 18:30 UTC,,,no_signal,no_signal
1779906900,2026-05-27 18:35 UTC,,,no_signal,no_signal
1779907200,2026-05-27 18:40 UTC,,,no_signal,no_signal
1779907500,2026-05-27 18:45 UTC,,,no_signal,no_signal
1779907800,2026-05-27 18:50 UTC,,,no_signal,no_signal
1779908100,2026-05-27 18:55 UTC,,,no_signal,no_signal
1779908400,2026-05-27 19:00 UTC,,,no_signal,no_signal
1779908700,2026-05-27 19:05 UTC,,,no_signal,no_signal
1779909000,2026-05-27 19:10 UTC,,,no_signal,no_signal
1779909300,2026-05-27 19:15 UTC,,,no_signal,no_signal
1779909600,2026-05-27 19:20 UTC,,,no_signal,no_signal
1779909900,2026-05-27 19:25 UTC,,,no_signal,no_signal
1779910200,2026-05-27 19:30 UTC,,,no_signal,no_signal
1779910500,2026-05-27 19:35 UTC,,,no_signal,no_signal
1779910800,2026-05-27 19:40 UTC,,,no_signal,no_signal
1779911100,2026-05-27 19:45 UTC,,,no_signal,no_signal
1779911400,2026-05-27 19:50 UTC,,,no_signal,no_signal
1779911700,2026-05-27 19:55 UTC,,,no_signal,no_signal
1779912000,2026-05-27 20:00 UTC,,,no_signal,no_signal
1779912300,2026-05-27 20:05 UTC,short,yes,,aligned
1779912600,2026-05-27 20:10 UTC,short,,entry_price_out_of_range,execution_skip
1779912900,2026-05-27 20:15 UTC,short,yes,,aligned
1779913200,2026-05-27 20:20 UTC,short,yes,,aligned
1779913500,2026-05-27 20:25 UTC,short,yes,,aligned
1779913800,2026-05-27 20:30 UTC,short,yes,,aligned
1779914100,2026-05-27 20:35 UTC,short,yes,,aligned
1779914400,2026-05-27 20:40 UTC,short,yes,,aligned
1779914700,2026-05-27 20:45 UTC,short,yes,,aligned
1779915000,2026-05-27 20:50 UTC,short,,entry_price_out_of_range,execution_skip
1779915300,2026-05-27 20:55 UTC,short,yes,,aligned
1779915600,2026-05-27 21:00 UTC,short,,entry_price_out_of_range,execution_skip
1779915900,2026-05-27 21:05 UTC,,,no_signal,no_signal
1779916200,2026-05-27 21:10 UTC,,,no_signal,no_signal
1779916500,2026-05-27 21:15 UTC,,,no_signal,no_signal
1779916800,2026-05-27 21:20 UTC,,,no_signal,no_signal
1779917100,2026-05-27 21:25 UTC,,,no_signal,no_signal
1779917400,2026-05-27 21:30 UTC,,,no_signal,no_signal
1779917700,2026-05-27 21:35 UTC,,,no_signal,no_signal
1779918000,2026-05-27 21:40 UTC,long,yes,,aligned
1779918300,2026-05-27 21:45 UTC,long,yes,,aligned
1779918600,2026-05-27 21:50 UTC,long,yes,,aligned
1779918900,2026-05-27 21:55 UTC,long,yes,,aligned
1779919200,2026-05-27 22:00 UTC,long,yes,,aligned
1779919500,2026-05-27 22:05 UTC,long,,entry_price_out_of_range,execution_skip
1779919800,2026-05-27 22:10 UTC,long,yes,,aligned
1779920100,2026-05-27 22:15 UTC,long,yes,,aligned
1779920400,2026-05-27 22:20 UTC,long,yes,,aligned
1779920700,2026-05-27 22:25 UTC,long,yes,,aligned
1779921000,2026-05-27 22:30 UTC,long,yes,,aligned
1779921300,2026-05-27 22:35 UTC,,,no_signal,no_signal
1779921600,2026-05-27 22:40 UTC,,,no_signal,no_signal
1779921900,2026-05-27 22:45 UTC,,,no_signal,no_signal
1779922200,2026-05-27 22:50 UTC,,,no_signal,no_signal
1779922500,2026-05-27 22:55 UTC,long,,entry_price_out_of_range,execution_skip
1779922800,2026-05-27 23:00 UTC,long,yes,,aligned
1779923100,2026-05-27 23:05 UTC,long,yes,,aligned
1779923400,2026-05-27 23:10 UTC,long,yes,,aligned
1779923700,2026-05-27 23:15 UTC,long,,entry_price_out_of_range,execution_skip
1779924000,2026-05-27 23:20 UTC,,,no_signal,no_signal
1779924300,2026-05-27 23:25 UTC,long,yes,,aligned
1779924600,2026-05-27 23:30 UTC,long,,entry_price_out_of_range,execution_skip
1779924900,2026-05-27 23:35 UTC,long,yes,,aligned
1779925200,2026-05-27 23:40 UTC,long,yes,,aligned
1779925500,2026-05-27 23:45 UTC,long,yes,,aligned
1779925800,2026-05-27 23:50 UTC,,,no_signal,no_signal
1779926100,2026-05-27 23:55 UTC,,,no_signal,no_signal
1779926400,2026-05-28 00:00 UTC,,,no_signal,no_signal
1779926700,2026-05-28 00:05 UTC,,,no_signal,no_signal
1779927000,2026-05-28 00:10 UTC,,,no_signal,no_signal
1779927300,2026-05-28 00:15 UTC,,,no_signal,no_signal
1779927600,2026-05-28 00:20 UTC,,,no_signal,no_signal
1779927900,2026-05-28 00:25 UTC,,,no_signal,no_signal
1779928200,2026-05-28 00:30 UTC,,,no_signal,no_signal
1779928500,2026-05-28 00:35 UTC,,,no_signal,no_signal
1779928800,2026-05-28 00:40 UTC,,,no_signal,no_signal
1779929100,2026-05-28 00:45 UTC,,,no_signal,no_signal
1779929400,2026-05-28 00:50 UTC,,,no_signal,no_signal
1779929700,2026-05-28 00:55 UTC,,,no_signal,no_signal
1779930000,2026-05-28 01:00 UTC,,,no_signal,no_signal
1779930300,2026-05-28 01:05 UTC,,,no_signal,no_signal
1779930600,2026-05-28 01:10 UTC,,,no_signal,no_signal
1779930900,2026-05-28 01:15 UTC,,,no_signal,no_signal
1779931200,2026-05-28 01:20 UTC,,,no_signal,no_signal
1779931500,2026-05-28 01:25 UTC,,,no_signal,no_signal
1779931800,2026-05-28 01:30 UTC,long,yes,,aligned
1779932100,2026-05-28 01:35 UTC,long,yes,,aligned
1779932400,2026-05-28 01:40 UTC,long,yes,,aligned
1779932700,2026-05-28 01:45 UTC,long,yes,,aligned
1779933000,2026-05-28 01:50 UTC,long,yes,,aligned
1779933300,2026-05-28 01:55 UTC,long,yes,,aligned
1779933600,2026-05-28 02:00 UTC,long,,entry_price_out_of_range,execution_skip
1779933900,2026-05-28 02:05 UTC,long,yes,,aligned
1779934200,2026-05-28 02:10 UTC,long,yes,,aligned
1779934500,2026-05-28 02:15 UTC,,,no_signal,no_signal
1779934800,2026-05-28 02:20 UTC,long,yes,,aligned
1779935100,2026-05-28 02:25 UTC,long,,entry_price_out_of_range,execution_skip
1779935400,2026-05-28 02:30 UTC,long,,entry_price_out_of_range,execution_skip
1779935700,2026-05-28 02:35 UTC,long,yes,,aligned
1779936000,2026-05-28 02:40 UTC,long,yes,,aligned
1779936300,2026-05-28 02:45 UTC,long,yes,,aligned
1779936600,2026-05-28 02:50 UTC,,,no_signal,no_signal
1779936900,2026-05-28 02:55 UTC,,,no_signal,no_signal
1779937200,2026-05-28 03:00 UTC,,,no_signal,no_signal
1779937500,2026-05-28 03:05 UTC,,,no_signal,no_signal
1779937800,2026-05-28 03:10 UTC,long,yes,,aligned
1779938100,2026-05-28 03:15 UTC,long,,entry_price_out_of_range,execution_skip
1779938400,2026-05-28 03:20 UTC,long,,entry_price_out_of_range,execution_skip
1779938700,2026-05-28 03:25 UTC,long,yes,,aligned
1779939000,2026-05-28 03:30 UTC,long,yes,,aligned
1779939300,2026-05-28 03:35 UTC,long,yes,,aligned
1779939600,2026-05-28 03:40 UTC,long,,entry_price_out_of_range,execution_skip
1779939900,2026-05-28 03:45 UTC,long,,entry_price_out_of_range,execution_skip
1779940200,2026-05-28 03:50 UTC,long,yes,,aligned
1779940500,2026-05-28 03:55 UTC,long,,entry_price_out_of_range,execution_skip
1779940800,2026-05-28 04:00 UTC,long,yes,,aligned
1779941100,2026-05-28 04:05 UTC,long,yes,,aligned
1779941400,2026-05-28 04:10 UTC,long,,entry_price_out_of_range,execution_skip
1779941700,2026-05-28 04:15 UTC,long,yes,,aligned
1779942000,2026-05-28 04:20 UTC,long,yes,,aligned
1779942300,2026-05-28 04:25 UTC,long,,entry_price_out_of_range,execution_skip
1779942600,2026-05-28 04:30 UTC,long,yes,,aligned
1779942900,2026-05-28 04:35 UTC,long,,entry_price_out_of_range,execution_skip
1779943200,2026-05-28 04:40 UTC,long,,entry_price_out_of_range,execution_skip
1779943500,2026-05-28 04:45 UTC,,,no_signal,no_signal
1779943800,2026-05-28 04:50 UTC,,,no_signal,no_signal
1779944100,2026-05-28 04:55 UTC,,,no_signal,no_signal
1779944400,2026-05-28 05:00 UTC,,,no_signal,no_signal
1779944700,2026-05-28 05:05 UTC,,,no_signal,no_signal
1779945000,2026-05-28 05:10 UTC,long,yes,,aligned
1779945300,2026-05-28 05:15 UTC,long,,entry_price_out_of_range,execution_skip
1779945600,2026-05-28 05:20 UTC,long,yes,,aligned
1779945900,2026-05-28 05:25 UTC,long,yes,,aligned
1779946200,2026-05-28 05:30 UTC,long,yes,,aligned
1779946500,2026-05-28 05:35 UTC,,,no_signal,no_signal
1779946800,2026-05-28 05:40 UTC,,,no_signal,no_signal
1779947100,2026-05-28 05:45 UTC,,,no_signal,no_signal
1779947400,2026-05-28 05:50 UTC,long,yes,,aligned
1779947700,2026-05-28 05:55 UTC,,,no_signal,no_signal
1779948000,2026-05-28 06:00 UTC,,,no_signal,no_signal
1779948300,2026-05-28 06:05 UTC,,,no_signal,no_signal
1779948600,2026-05-28 06:10 UTC,,,no_signal,no_signal
1779948900,2026-05-28 06:15 UTC,,,no_signal,no_signal
1779949200,2026-05-28 06:20 UTC,,,no_signal,no_signal
1779949500,2026-05-28 06:25 UTC,,,no_signal,no_signal
1779949800,2026-05-28 06:30 UTC,,,no_signal,no_signal
1779950100,2026-05-28 06:35 UTC,,,no_signal,no_signal
1779950400,2026-05-28 06:40 UTC,,,no_signal,no_signal
1779950700,2026-05-28 06:45 UTC,,,no_signal,no_signal
1779951000,2026-05-28 06:50 UTC,,,no_signal,no_signal
1779951300,2026-05-28 06:55 UTC,,,no_signal,no_signal
1779951600,2026-05-28 07:00 UTC,,,no_signal,no_signal
1779951900,2026-05-28 07:05 UTC,,,no_signal,no_signal
1779952200,2026-05-28 07:10 UTC,,,no_signal,no_signal
1779952500,2026-05-28 07:15 UTC,,,no_signal,no_signal
1779952800,2026-05-28 07:20 UTC,,,no_signal,no_signal
1779953100,2026-05-28 07:25 UTC,,,no_signal,no_signal
1779953400,2026-05-28 07:30 UTC,,,no_signal,no_signal
1779953700,2026-05-28 07:35 UTC,short,yes,,aligned
1779954000,2026-05-28 07:40 UTC,short,yes,,aligned
1779954300,2026-05-28 07:45 UTC,short,,entry_price_out_of_range,execution_skip
1779954600,2026-05-28 07:50 UTC,short,,entry_price_out_of_range,execution_skip
1779954900,2026-05-28 07:55 UTC,short,yes,,aligned
1779955200,2026-05-28 08:00 UTC,short,yes,,aligned
1779955500,2026-05-28 08:05 UTC,short,yes,,aligned
1779955800,2026-05-28 08:10 UTC,short,,entry_price_out_of_range,execution_skip
1779956100,2026-05-28 08:15 UTC,short,,entry_price_out_of_range,execution_skip
1779956400,2026-05-28 08:20 UTC,short,,entry_price_out_of_range,execution_skip
1779956700,2026-05-28 08:25 UTC,,,no_signal,no_signal
1779957000,2026-05-28 08:30 UTC,,,no_signal,no_signal
1779957300,2026-05-28 08:35 UTC,,,no_signal,no_signal
1779957600,2026-05-28 08:40 UTC,,,no_signal,no_signal
1779957900,2026-05-28 08:45 UTC,,,no_signal,no_signal
1779958200,2026-05-28 08:50 UTC,,,no_signal,no_signal
1779958500,2026-05-28 08:55 UTC,,,no_signal,no_signal
1779958800,2026-05-28 09:00 UTC,,,no_signal,no_signal
1779959100,2026-05-28 09:05 UTC,,,no_signal,no_signal
1779959400,2026-05-28 09:10 UTC,,,no_signal,no_signal
1779959700,2026-05-28 09:15 UTC,,,no_signal,no_signal
1779960000,2026-05-28 09:20 UTC,,,no_signal,no_signal
1779960300,2026-05-28 09:25 UTC,,,no_signal,no_signal
1779960600,2026-05-28 09:30 UTC,,,no_signal,no_signal
1779960900,2026-05-28 09:35 UTC,,,no_signal,no_signal
1779961200,2026-05-28 09:40 UTC,short,yes,,aligned
1779961500,2026-05-28 09:45 UTC,short,yes,,aligned
1779961800,2026-05-28 09:50 UTC,short,,entry_price_out_of_range,execution_skip
1779962100,2026-05-28 09:55 UTC,short,yes,,aligned
1779962400,2026-05-28 10:00 UTC,short,yes,,aligned
1779962700,2026-05-28 10:05 UTC,short,yes,,aligned
1779963000,2026-05-28 10:10 UTC,short,yes,,aligned
1779963300,2026-05-28 10:15 UTC,short,yes,,aligned
1779963600,2026-05-28 10:20 UTC,,,no_signal,no_signal
1779963900,2026-05-28 10:25 UTC,,,no_signal,no_signal
1779964200,2026-05-28 10:30 UTC,,,no_signal,no_signal
1779964500,2026-05-28 10:35 UTC,,,no_signal,no_signal
1779964800,2026-05-28 10:40 UTC,,,no_signal,no_signal
1779965100,2026-05-28 10:45 UTC,short,yes,,aligned
1779965400,2026-05-28 10:50 UTC,short,,entry_price_out_of_range,execution_skip
1779965700,2026-05-28 10:55 UTC,,,no_signal,no_signal
1779966000,2026-05-28 11:00 UTC,,,no_signal,no_signal
1779966300,2026-05-28 11:05 UTC,,,no_signal,no_signal
1779966600,2026-05-28 11:10 UTC,,,no_signal,no_signal
1779966900,2026-05-28 11:15 UTC,,,no_signal,no_signal
1779967200,2026-05-28 11:20 UTC,,,no_signal,no_signal
1779967500,2026-05-28 11:25 UTC,,,no_signal,no_signal
1779967800,2026-05-28 11:30 UTC,,,no_signal,no_signal
1779968100,2026-05-28 11:35 UTC,,,no_signal,no_signal
1779968400,2026-05-28 11:40 UTC,,,no_signal,no_signal
1779968700,2026-05-28 11:45 UTC,,,no_signal,no_signal
1779969000,2026-05-28 11:50 UTC,,,no_signal,no_signal
1779969300,2026-05-28 11:55 UTC,short,,entry_price_out_of_range,execution_skip
1779969600,2026-05-28 12:00 UTC,short,yes,,aligned
1779969900,2026-05-28 12:05 UTC,,,no_signal,no_signal
1779970200,2026-05-28 12:10 UTC,,,no_signal,no_signal
1779970500,2026-05-28 12:15 UTC,,,no_signal,no_signal
1779970800,2026-05-28 12:20 UTC,,,no_signal,no_signal
1779971100,2026-05-28 12:25 UTC,long,,entry_price_out_of_range,execution_skip
1779971400,2026-05-28 12:30 UTC,,,no_signal,no_signal
1779971700,2026-05-28 12:35 UTC,,,no_signal,no_signal
1779972000,2026-05-28 12:40 UTC,,,no_signal,no_signal
1779972300,2026-05-28 12:45 UTC,,,no_signal,no_signal
1779972600,2026-05-28 12:50 UTC,short,yes,,aligned
1779972900,2026-05-28 12:55 UTC,short,,entry_price_out_of_range,execution_skip
1779973200,2026-05-28 13:00 UTC,,,no_signal,no_signal
1779973500,2026-05-28 13:05 UTC,,,no_signal,no_signal
1779973800,2026-05-28 13:10 UTC,long,yes,,aligned
1779974100,2026-05-28 13:15 UTC,long,yes,,aligned
1779974400,2026-05-28 13:20 UTC,long,,entry_price_out_of_range,execution_skip
1779974700,2026-05-28 13:25 UTC,long,yes,,aligned
1779975000,2026-05-28 13:30 UTC,long,yes,,aligned
1779975300,2026-05-28 13:35 UTC,long,yes,,aligned
1779975600,2026-05-28 13:40 UTC,long,yes,,aligned
1779975900,2026-05-28 13:45 UTC,long,,entry_price_out_of_range,execution_skip
1779976200,2026-05-28 13:50 UTC,long,yes,,aligned
1779976500,2026-05-28 13:55 UTC,long,yes,,aligned
1779976800,2026-05-28 14:00 UTC,long,yes,,aligned
1779977100,2026-05-28 14:05 UTC,long,yes,,aligned
1779977400,2026-05-28 14:10 UTC,long,yes,,aligned
1779977700,2026-05-28 14:15 UTC,,,no_signal,no_signal
1779978000,2026-05-28 14:20 UTC,,,no_signal,no_signal
1779978300,2026-05-28 14:25 UTC,,,no_signal,no_signal
1779978600,2026-05-28 14:30 UTC,long,yes,,aligned
1779978900,2026-05-28 14:35 UTC,long,yes,,aligned
1779979200,2026-05-28 14:40 UTC,long,,entry_price_out_of_range,execution_skip
1779979500,2026-05-28 14:45 UTC,long,yes,,aligned
1779979800,2026-05-28 14:50 UTC,long,,entry_price_out_of_range,execution_skip
1779980100,2026-05-28 14:55 UTC,,,no_signal,no_signal
1779980400,2026-05-28 15:00 UTC,,,no_signal,no_signal
1779980700,2026-05-28 15:05 UTC,,,no_signal,no_signal
1779981000,2026-05-28 15:10 UTC,,,no_signal,no_signal
1779981300,2026-05-28 15:15 UTC,long,yes,,aligned
1779981600,2026-05-28 15:20 UTC,long,yes,,aligned
1779981900,2026-05-28 15:25 UTC,long,yes,,aligned
1779982200,2026-05-28 15:30 UTC,,,no_signal,no_signal
1779982500,2026-05-28 15:35 UTC,long,yes,,aligned
1779982800,2026-05-28 15:40 UTC,,,no_signal,no_signal
1779983100,2026-05-28 15:45 UTC,,,no_signal,no_signal
1779983400,2026-05-28 15:50 UTC,,,no_signal,no_signal
1779983700,2026-05-28 15:55 UTC,,,no_signal,no_signal
1779984000,2026-05-28 16:00 UTC,,,no_signal,no_signal
1779984300,2026-05-28 16:05 UTC,long,yes,,aligned
1779984600,2026-05-28 16:10 UTC,,,no_signal,no_signal
1779984900,2026-05-28 16:15 UTC,,,no_signal,no_signal
1779985200,2026-05-28 16:20 UTC,,,no_signal,no_signal
1779985500,2026-05-28 16:25 UTC,,,no_signal,no_signal
1779985800,2026-05-28 16:30 UTC,,,no_signal,no_signal
1779986100,2026-05-28 16:35 UTC,,,no_signal,no_signal
1779986400,2026-05-28 16:40 UTC,,,no_signal,no_signal
1779986700,2026-05-28 16:45 UTC,short,yes,,aligned
1779987000,2026-05-28 16:50 UTC,short,yes,,aligned
1779987300,2026-05-28 16:55 UTC,short,yes,,aligned
1779987600,2026-05-28 17:00 UTC,short,yes,,aligned
1779987900,2026-05-28 17:05 UTC,short,yes,,aligned
1779988200,2026-05-28 17:10 UTC,short,yes,,aligned
1779988500,2026-05-28 17:15 UTC,short,,entry_price_out_of_range,execution_skip
1779988800,2026-05-28 17:20 UTC,short,yes,,aligned
1779989100,2026-05-28 17:25 UTC,short,,entry_price_out_of_range,execution_skip
1779989400,2026-05-28 17:30 UTC,,,no_signal,no_signal
1779989700,2026-05-28 17:35 UTC,short,yes,,aligned
1779990000,2026-05-28 17:40 UTC,short,yes,,aligned
1779990300,2026-05-28 17:45 UTC,short,yes,,aligned
1779990600,2026-05-28 17:50 UTC,short,,entry_price_out_of_range,execution_skip
1779990900,2026-05-28 17:55 UTC,short,,entry_price_out_of_range,execution_skip
1779991200,2026-05-28 18:00 UTC,short,,entry_price_out_of_range,execution_skip
1779991500,2026-05-28 18:05 UTC,short,yes,,aligned
1779991800,2026-05-28 18:10 UTC,short,,entry_price_out_of_range,execution_skip
1779992100,2026-05-28 18:15 UTC,short,yes,,aligned
1779992400,2026-05-28 18:20 UTC,short,yes,,aligned
1779992700,2026-05-28 18:25 UTC,short,yes,,aligned
1779993000,2026-05-28 18:30 UTC,short,yes,,aligned
1779993300,2026-05-28 18:35 UTC,short,,entry_price_out_of_range,execution_skip
1779993600,2026-05-28 18:40 UTC,,,no_signal,no_signal
1779993900,2026-05-28 18:45 UTC,,,no_signal,no_signal
1779994200,2026-05-28 18:50 UTC,short,yes,,aligned
1779994500,2026-05-28 18:55 UTC,short,yes,,aligned
1779994800,2026-05-28 19:00 UTC,short,,entry_price_out_of_range,execution_skip
1779995100,2026-05-28 19:05 UTC,,,no_signal,no_signal
1779995400,2026-05-28 19:10 UTC,,,no_signal,no_signal
1779995700,2026-05-28 19:15 UTC,,,no_signal,no_signal
1779996000,2026-05-28 19:20 UTC,,,no_signal,no_signal
1779996300,2026-05-28 19:25 UTC,,,no_signal,no_signal
1779996600,2026-05-28 19:30 UTC,,,no_signal,no_signal
1779996900,2026-05-28 19:35 UTC,,,no_signal,no_signal
1779997200,2026-05-28 19:40 UTC,,,no_signal,no_signal
1779997500,2026-05-28 19:45 UTC,,,no_signal,no_signal
1779997800,2026-05-28 19:50 UTC,,,no_signal,no_signal
1779998100,2026-05-28 19:55 UTC,,,no_signal,no_signal
1779998400,2026-05-28 20:00 UTC,,,no_signal,no_signal
1779998700,2026-05-28 20:05 UTC,,,no_signal,no_signal
1779999000,2026-05-28 20:10 UTC,,,no_signal,no_signal
1779999300,2026-05-28 20:15 UTC,,,no_signal,no_signal
1779999600,2026-05-28 20:20 UTC,,,no_signal,no_signal
1779999900,2026-05-28 20:25 UTC,,,no_signal,no_signal
1780000200,2026-05-28 20:30 UTC,short,yes,,aligned
1780000500,2026-05-28 20:35 UTC,short,yes,,aligned
1780000800,2026-05-28 20:40 UTC,short,yes,,aligned
1780001100,2026-05-28 20:45 UTC,short,,entry_price_out_of_range,execution_skip
1780001400,2026-05-28 20:50 UTC,short,yes,,aligned
1780001700,2026-05-28 20:55 UTC,short,,entry_price_out_of_range,execution_skip
1780002000,2026-05-28 21:00 UTC,,,no_signal,no_signal
1780002300,2026-05-28 21:05 UTC,,,no_signal,no_signal
1780002600,2026-05-28 21:10 UTC,,,no_signal,no_signal
1780002900,2026-05-28 21:15 UTC,short,yes,,aligned
1780003200,2026-05-28 21:20 UTC,short,yes,,aligned
1780003500,2026-05-28 21:25 UTC,short,yes,,aligned
1780003800,2026-05-28 21:30 UTC,short,yes,,aligned
1780004100,2026-05-28 21:35 UTC,short,,entry_price_out_of_range,execution_skip
1780004400,2026-05-28 21:40 UTC,short,yes,,aligned
1780004700,2026-05-28 21:45 UTC,short,,entry_price_out_of_range,execution_skip
1780005000,2026-05-28 21:50 UTC,short,,entry_price_out_of_range,execution_skip
1780005300,2026-05-28 21:55 UTC,short,yes,,aligned
1780005600,2026-05-28 22:00 UTC,short,yes,,aligned
1780005900,2026-05-28 22:05 UTC,short,yes,,aligned
1780006200,2026-05-28 22:10 UTC,,,no_signal,no_signal
1780006500,2026-05-28 22:15 UTC,,,no_signal,no_signal
1780006800,2026-05-28 22:20 UTC,,,no_signal,no_signal
1780007100,2026-05-28 22:25 UTC,,,no_signal,no_signal
1780007400,2026-05-28 22:30 UTC,,,no_signal,no_signal
1780007700,2026-05-28 22:35 UTC,,,no_signal,no_signal
1780008000,2026-05-28 22:40 UTC,,,no_signal,no_signal
1780008300,2026-05-28 22:45 UTC,,,no_signal,no_signal
1780008600,2026-05-28 22:50 UTC,,,no_signal,no_signal
1780008900,2026-05-28 22:55 UTC,,,no_signal,no_signal
1780009200,2026-05-28 23:00 UTC,long,,entry_price_out_of_range,execution_skip
1780009500,2026-05-28 23:05 UTC,,,no_signal,no_signal
1780009800,2026-05-28 23:10 UTC,,,no_signal,no_signal
1780010100,2026-05-28 23:15 UTC,,,no_signal,no_signal
1780010400,2026-05-28 23:20 UTC,,,no_signal,no_signal
1780010700,2026-05-28 23:25 UTC,,,no_signal,no_signal
1780011000,2026-05-28 23:30 UTC,,,no_signal,no_signal
1780011300,2026-05-28 23:35 UTC,,,no_signal,no_signal
1780011600,2026-05-28 23:40 UTC,,,no_signal,no_signal
1780011900,2026-05-28 23:45 UTC,,,no_signal,no_signal
1780012200,2026-05-28 23:50 UTC,,,no_signal,no_signal
1780012500,2026-05-28 23:55 UTC,,,no_signal,no_signal
1780012800,2026-05-29 00:00 UTC,,,no_signal,no_signal
1780013100,2026-05-29 00:05 UTC,,,no_signal,no_signal
1780013400,2026-05-29 00:10 UTC,,,no_signal,no_signal
1780013700,2026-05-29 00:15 UTC,,,no_signal,no_signal
1780014000,2026-05-29 00:20 UTC,short,yes,,aligned
1780014300,2026-05-29 00:25 UTC,short,yes,,aligned
1780014600,2026-05-29 00:30 UTC,short,yes,,aligned
1780014900,2026-05-29 00:35 UTC,,,no_signal,no_signal
1780015200,2026-05-29 00:40 UTC,short,,entry_price_out_of_range,execution_skip
1780015500,2026-05-29 00:45 UTC,short,,entry_price_out_of_range,execution_skip
1780015800,2026-05-29 00:50 UTC,,,no_signal,no_signal
1780016100,2026-05-29 00:55 UTC,,,no_signal,no_signal
1780016400,2026-05-29 01:00 UTC,,,no_signal,no_signal
1780016700,2026-05-29 01:05 UTC,,,no_signal,no_signal
1780017000,2026-05-29 01:10 UTC,short,yes,,aligned
1780017300,2026-05-29 01:15 UTC,,,no_signal,no_signal
1780017600,2026-05-29 01:20 UTC,,,no_signal,no_signal
1780017900,2026-05-29 01:25 UTC,,,no_signal,no_signal
1780018200,2026-05-29 01:30 UTC,,,no_signal,no_signal
1780018500,2026-05-29 01:35 UTC,,,no_signal,no_signal
1780018800,2026-05-29 01:40 UTC,long,yes,,aligned
1780019100,2026-05-29 01:45 UTC,long,,entry_price_out_of_range,execution_skip
1780019400,2026-05-29 01:50 UTC,long,,entry_price_out_of_range,execution_skip
1780019700,2026-05-29 01:55 UTC,,,no_signal,no_signal
1780020000,2026-05-29 02:00 UTC,,,no_signal,no_signal
1780020300,2026-05-29 02:05 UTC,,,no_signal,no_signal
1780020600,2026-05-29 02:10 UTC,,,no_signal,no_signal
1780020900,2026-05-29 02:15 UTC,,,no_signal,no_signal
1780021200,2026-05-29 02:20 UTC,,,no_signal,no_signal
1780021500,2026-05-29 02:25 UTC,long,yes,,aligned
1780021800,2026-05-29 02:30 UTC,long,yes,,aligned
1780022100,2026-05-29 02:35 UTC,long,,entry_price_out_of_range,execution_skip
1780022400,2026-05-29 02:40 UTC,long,,entry_price_out_of_range,execution_skip
1780022700,2026-05-29 02:45 UTC,long,,entry_price_out_of_range,execution_skip
1780023000,2026-05-29 02:50 UTC,long,yes,,aligned
1780023300,2026-05-29 02:55 UTC,long,yes,,aligned
1780023600,2026-05-29 03:00 UTC,long,,entry_price_out_of_range,execution_skip
1780023900,2026-05-29 03:05 UTC,long,,entry_price_out_of_range,execution_skip
1780024200,2026-05-29 03:10 UTC,,,no_signal,no_signal
1780024500,2026-05-29 03:15 UTC,,,no_signal,no_signal
1780024800,2026-05-29 03:20 UTC,,,no_signal,no_signal
1780025100,2026-05-29 03:25 UTC,,,no_signal,no_signal
1780025400,2026-05-29 03:30 UTC,,,no_signal,no_signal
1780025700,2026-05-29 03:35 UTC,,,no_signal,no_signal
1780026000,2026-05-29 03:40 UTC,long,,entry_price_out_of_range,execution_skip
1780026300,2026-05-29 03:45 UTC,,,no_signal,no_signal
1780026600,2026-05-29 03:50 UTC,,,no_signal,no_signal
1780026900,2026-05-29 03:55 UTC,long,,entry_price_out_of_range,execution_skip
1780027200,2026-05-29 04:00 UTC,long,,entry_price_out_of_range,execution_skip
1780027500,2026-05-29 04:05 UTC,,,no_signal,no_signal
1780027800,2026-05-29 04:10 UTC,long,yes,,aligned
1780028100,2026-05-29 04:15 UTC,long,,entry_price_out_of_range,execution_skip
1780028400,2026-05-29 04:20 UTC,long,,entry_price_out_of_range,execution_skip
1780028700,2026-05-29 04:25 UTC,,,no_signal,no_signal
1780029000,2026-05-29 04:30 UTC,,,no_signal,no_signal
1780029300,2026-05-29 04:35 UTC,,,no_signal,no_signal
1780029600,2026-05-29 04:40 UTC,,,no_signal,no_signal
1780029900,2026-05-29 04:45 UTC,,,no_signal,no_signal
1780030200,2026-05-29 04:50 UTC,,,no_signal,no_signal
1780030500,2026-05-29 04:55 UTC,,,no_signal,no_signal
1780030800,2026-05-29 05:00 UTC,,,no_signal,no_signal
1780031100,2026-05-29 05:05 UTC,,,no_signal,no_signal
1780031400,2026-05-29 05:10 UTC,,,no_signal,no_signal
1780031700,2026-05-29 05:15 UTC,short,yes,,aligned
1780032000,2026-05-29 05:20 UTC,short,,entry_price_out_of_range,execution_skip
1780032300,2026-05-29 05:25 UTC,,,no_signal,no_signal
1780032600,2026-05-29 05:30 UTC,short,,entry_price_out_of_range,execution_skip
1780032900,2026-05-29 05:35 UTC,,,no_signal,no_signal
1780033200,2026-05-29 05:40 UTC,,,no_signal,no_signal
1780033500,2026-05-29 05:45 UTC,,,no_signal,no_signal
1780033800,2026-05-29 05:50 UTC,short,,entry_price_out_of_range,execution_skip
1780034100,2026-05-29 05:55 UTC,short,yes,,aligned
1780034400,2026-05-29 06:00 UTC,short,yes,,aligned
1780034700,2026-05-29 06:05 UTC,short,,entry_price_out_of_range,execution_skip
1780035000,2026-05-29 06:10 UTC,short,yes,,aligned
1780035300,2026-05-29 06:15 UTC,short,yes,,aligned
1780035600,2026-05-29 06:20 UTC,short,yes,,aligned
1780035900,2026-05-29 06:25 UTC,short,yes,,aligned
1780036200,2026-05-29 06:30 UTC,short,,entry_price_out_of_range,execution_skip
1780036500,2026-05-29 06:35 UTC,short,yes,,aligned
1780036800,2026-05-29 06:40 UTC,,,no_signal,no_signal
1780037100,2026-05-29 06:45 UTC,,,no_signal,no_signal
1780037400,2026-05-29 06:50 UTC,short,yes,,aligned
1780037700,2026-05-29 06:55 UTC,short,yes,,aligned
1780038000,2026-05-29 07:00 UTC,short,yes,,aligned
1780038300,2026-05-29 07:05 UTC,short,yes,,aligned
1780038600,2026-05-29 07:10 UTC,short,,order_failed,execution_skip
1780038900,2026-05-29 07:15 UTC,short,yes,,aligned
1780039200,2026-05-29 07:20 UTC,short,,entry_price_out_of_range,execution_skip
1780039500,2026-05-29 07:25 UTC,short,yes,,aligned
1780039800,2026-05-29 07:30 UTC,,,no_signal,no_signal
1780040100,2026-05-29 07:35 UTC,,,no_signal,no_signal
1780040400,2026-05-29 07:40 UTC,,,no_signal,no_signal
1780040700,2026-05-29 07:45 UTC,,,no_signal,no_signal
1780041000,2026-05-29 07:50 UTC,,,no_signal,no_signal
1780041300,2026-05-29 07:55 UTC,,,no_signal,no_signal
1780041600,2026-05-29 08:00 UTC,,,no_signal,no_signal
1780041900,2026-05-29 08:05 UTC,,,no_signal,no_signal
1780042200,2026-05-29 08:10 UTC,,,no_signal,no_signal
1780042500,2026-05-29 08:15 UTC,,,no_signal,no_signal
1780042800,2026-05-29 08:20 UTC,,,no_signal,no_signal
1780043100,2026-05-29 08:25 UTC,short,yes,,aligned
1780043400,2026-05-29 08:30 UTC,short,,entry_price_out_of_range,execution_skip
1780043700,2026-05-29 08:35 UTC,short,,entry_price_out_of_range,execution_skip
1780044000,2026-05-29 08:40 UTC,short,yes,,aligned
1780044300,2026-05-29 08:45 UTC,short,yes,,aligned
1780044600,2026-05-29 08:50 UTC,,,no_signal,no_signal
1780044900,2026-05-29 08:55 UTC,,,no_signal,no_signal
1780045200,2026-05-29 09:00 UTC,,,no_signal,no_signal
1780045500,2026-05-29 09:05 UTC,,,no_signal,no_signal
1780045800,2026-05-29 09:10 UTC,,,no_signal,no_signal
1780046100,2026-05-29 09:15 UTC,short,yes,,aligned
1780046400,2026-05-29 09:20 UTC,short,yes,,aligned
1780046700,2026-05-29 09:25 UTC,short,yes,,aligned
1780047000,2026-05-29 09:30 UTC,short,yes,,aligned
1780047300,2026-05-29 09:35 UTC,short,,entry_price_out_of_range,execution_skip
1780047600,2026-05-29 09:40 UTC,short,,entry_price_out_of_range,execution_skip
1780047900,2026-05-29 09:45 UTC,,,no_signal,no_signal
1780048200,2026-05-29 09:50 UTC,,,no_signal,no_signal
1780048500,2026-05-29 09:55 UTC,,,no_signal,no_signal
1780048800,2026-05-29 10:00 UTC,,,no_signal,no_signal
1780049100,2026-05-29 10:05 UTC,,,no_signal,no_signal
1780049400,2026-05-29 10:10 UTC,,,no_signal,no_signal
1780049700,2026-05-29 10:15 UTC,,,no_signal,no_signal
1780050000,2026-05-29 10:20 UTC,,,no_signal,no_signal
1780050300,2026-05-29 10:25 UTC,,,no_signal,no_signal
1780050600,2026-05-29 10:30 UTC,,,no_signal,no_signal
1780050900,2026-05-29 10:35 UTC,,,no_signal,no_signal
1780051200,2026-05-29 10:40 UTC,,,no_signal,no_signal
1780051500,2026-05-29 10:45 UTC,,,no_signal,no_signal
1780051800,2026-05-29 10:50 UTC,,,no_signal,no_signal
1780052100,2026-05-29 10:55 UTC,,,no_signal,no_signal
1780052400,2026-05-29 11:00 UTC,,,no_signal,no_signal
1780052700,2026-05-29 11:05 UTC,,,no_signal,no_signal
1780053000,2026-05-29 11:10 UTC,,,no_signal,no_signal
1780053300,2026-05-29 11:15 UTC,,,no_signal,no_signal
1780053600,2026-05-29 11:20 UTC,,,no_signal,no_signal
1780053900,2026-05-29 11:25 UTC,,,no_signal,no_signal
1780054200,2026-05-29 11:30 UTC,,,no_signal,no_signal
1780054500,2026-05-29 11:35 UTC,,,no_signal,no_signal
1780054800,2026-05-29 11:40 UTC,long,yes,,aligned
1780055100,2026-05-29 11:45 UTC,long,yes,,aligned
1780055400,2026-05-29 11:50 UTC,long,yes,,aligned
1780055700,2026-05-29 11:55 UTC,long,,entry_price_out_of_range,execution_skip
1780056000,2026-05-29 12:00 UTC,long,,order_failed,execution_skip
1780056300,2026-05-29 12:05 UTC,long,,order_failed,execution_skip
1780056600,2026-05-29 12:10 UTC,long,yes,,aligned
1780056900,2026-05-29 12:15 UTC,long,,order_failed,execution_skip
1780057200,2026-05-29 12:20 UTC,long,,order_failed,execution_skip
1780057500,2026-05-29 12:25 UTC,long,,order_failed,execution_skip
1780057800,2026-05-29 12:30 UTC,long,,order_failed,execution_skip
1780058100,2026-05-29 12:35 UTC,long,yes,,aligned
1780058400,2026-05-29 12:40 UTC,long,,order_failed,execution_skip
1780058700,2026-05-29 12:45 UTC,long,,order_failed,execution_skip
1780059000,2026-05-29 12:50 UTC,long,,order_failed,execution_skip
1780059300,2026-05-29 12:55 UTC,long,,order_failed,execution_skip
1780059600,2026-05-29 13:00 UTC,long,,order_failed,execution_skip
1780059900,2026-05-29 13:05 UTC,long,,order_failed,execution_skip
1780060200,2026-05-29 13:10 UTC,long,,order_failed,execution_skip
1780060500,2026-05-29 13:15 UTC,long,,order_failed,execution_skip
1780060800,2026-05-29 13:20 UTC,long,,order_failed,execution_skip
1780061100,2026-05-29 13:25 UTC,long,,order_failed,execution_skip
1780061400,2026-05-29 13:30 UTC,long,yes,,aligned
1780061700,2026-05-29 13:35 UTC,long,,entry_price_out_of_range,execution_skip
1780062000,2026-05-29 13:40 UTC,,,no_signal,no_signal
1780062300,2026-05-29 13:45 UTC,,,no_signal,no_signal
1780062600,2026-05-29 13:50 UTC,,,no_signal,no_signal
1780062900,2026-05-29 13:55 UTC,long,,entry_price_out_of_range,execution_skip
1780063200,2026-05-29 14:00 UTC,,,no_signal,no_signal
1780063500,2026-05-29 14:05 UTC,,,no_signal,no_signal
1780063800,2026-05-29 14:10 UTC,long,yes,,aligned
1780064100,2026-05-29 14:15 UTC,long,,entry_price_out_of_range,execution_skip
1780064400,2026-05-29 14:20 UTC,long,,entry_price_out_of_range,execution_skip
1780064700,2026-05-29 14:25 UTC,long,yes,,aligned
1780065000,2026-05-29 14:30 UTC,long,,entry_price_out_of_range,execution_skip
1780065300,2026-05-29 14:35 UTC,long,,entry_price_out_of_range,execution_skip
1780065600,2026-05-29 14:40 UTC,long,yes,,aligned
1780065900,2026-05-29 14:45 UTC,long,yes,,aligned
1780066200,2026-05-29 14:50 UTC,long,,entry_price_out_of_range,execution_skip
1780066500,2026-05-29 14:55 UTC,,,no_signal,no_signal
1780066800,2026-05-29 15:00 UTC,,,no_signal,no_signal
1780067100,2026-05-29 15:05 UTC,,,no_signal,no_signal
1780067400,2026-05-29 15:10 UTC,short,yes,,aligned
1780067700,2026-05-29 15:15 UTC,short,yes,,aligned
1780068000,2026-05-29 15:20 UTC,short,,entry_price_out_of_range,execution_skip
1780068300,2026-05-29 15:25 UTC,short,,entry_price_out_of_range,execution_skip
1780068600,2026-05-29 15:30 UTC,short,yes,,aligned
1780068900,2026-05-29 15:35 UTC,short,yes,,aligned
1780069200,2026-05-29 15:40 UTC,short,,entry_price_out_of_range,execution_skip
1780069500,2026-05-29 15:45 UTC,short,,entry_price_out_of_range,execution_skip
1780069800,2026-05-29 15:50 UTC,short,yes,,aligned
1780070100,2026-05-29 15:55 UTC,short,,entry_price_out_of_range,execution_skip
1780070400,2026-05-29 16:00 UTC,short,yes,,aligned
1780070700,2026-05-29 16:05 UTC,short,yes,,aligned
1780071000,2026-05-29 16:10 UTC,short,yes,,aligned
1780071300,2026-05-29 16:15 UTC,short,,order_failed,execution_skip
1780071600,2026-05-29 16:20 UTC,,,no_signal,no_signal
1780071900,2026-05-29 16:25 UTC,,,no_signal,no_signal
1780072200,2026-05-29 16:30 UTC,,,no_signal,no_signal
1780072500,2026-05-29 16:35 UTC,short,yes,,aligned
1780072800,2026-05-29 16:40 UTC,short,yes,,aligned
1780073100,2026-05-29 16:45 UTC,short,,entry_price_out_of_range,execution_skip
1780073400,2026-05-29 16:50 UTC,short,,entry_price_out_of_range,execution_skip
1780073700,2026-05-29 16:55 UTC,short,,entry_price_out_of_range,execution_skip
1780074000,2026-05-29 17:00 UTC,short,yes,,aligned
1780074300,2026-05-29 17:05 UTC,,,no_signal,no_signal
1780074600,2026-05-29 17:10 UTC,short,yes,,aligned
1780074900,2026-05-29 17:15 UTC,short,yes,,aligned
1780075200,2026-05-29 17:20 UTC,short,yes,,aligned
1780075500,2026-05-29 17:25 UTC,short,,entry_price_out_of_range,execution_skip
1780075800,2026-05-29 17:30 UTC,short,yes,,aligned
1780076100,2026-05-29 17:35 UTC,short,yes,,aligned
1780076400,2026-05-29 17:40 UTC,short,yes,,aligned
1780076700,2026-05-29 17:45 UTC,short,,entry_price_out_of_range,execution_skip
1780077000,2026-05-29 17:50 UTC,,,no_signal,no_signal
1780077300,2026-05-29 17:55 UTC,,,no_signal,no_signal
1780077600,2026-05-29 18:00 UTC,,,no_signal,no_signal
1780077900,2026-05-29 18:05 UTC,,,no_signal,no_signal
1780078200,2026-05-29 18:10 UTC,,,no_signal,no_signal
1780078500,2026-05-29 18:15 UTC,,,no_signal,no_signal
1780078800,2026-05-29 18:20 UTC,,,no_signal,no_signal
1780079100,2026-05-29 18:25 UTC,,,no_signal,no_signal
1780079400,2026-05-29 18:30 UTC,,,no_signal,no_signal
1780079700,2026-05-29 18:35 UTC,,,no_signal,no_signal
1780080000,2026-05-29 18:40 UTC,,,no_signal,no_signal
1780080300,2026-05-29 18:45 UTC,,,no_signal,no_signal
1780080600,2026-05-29 18:50 UTC,,,no_signal,no_signal
1780080900,2026-05-29 18:55 UTC,long,yes,,aligned
1780081200,2026-05-29 19:00 UTC,long,yes,,aligned
1780081500,2026-05-29 19:05 UTC,long,yes,,aligned
1780081800,2026-05-29 19:10 UTC,long,yes,,aligned
1780082100,2026-05-29 19:15 UTC,long,yes,,aligned
1780082400,2026-05-29 19:20 UTC,long,yes,,aligned
1780082700,2026-05-29 19:25 UTC,long,,entry_price_out_of_range,execution_skip
1780083000,2026-05-29 19:30 UTC,long,,entry_price_out_of_range,execution_skip
1780083300,2026-05-29 19:35 UTC,,,no_signal,no_signal
1780083600,2026-05-29 19:40 UTC,,,no_signal,no_signal
1780083900,2026-05-29 19:45 UTC,,,no_signal,no_signal
1780084200,2026-05-29 19:50 UTC,,,no_signal,no_signal
1780084500,2026-05-29 19:55 UTC,,,no_signal,no_signal
1780084800,2026-05-29 20:00 UTC,,,no_signal,no_signal
1780085100,2026-05-29 20:05 UTC,,,no_signal,no_signal
1780085400,2026-05-29 20:10 UTC,,,no_signal,no_signal
1780085700,2026-05-29 20:15 UTC,,,no_signal,no_signal
1780086000,2026-05-29 20:20 UTC,,,no_signal,no_signal
1780086300,2026-05-29 20:25 UTC,,,no_signal,no_signal
1780086600,2026-05-29 20:30 UTC,,,no_signal,no_signal
1780086900,2026-05-29 20:35 UTC,,,no_signal,no_signal
1780087200,2026-05-29 20:40 UTC,,,,no_signal
1780087500,2026-05-29 20:45 UTC,,,no_signal,no_signal
1780087800,2026-05-29 20:50 UTC,,,no_signal,no_signal
1780088100,2026-05-29 20:55 UTC,,,no_signal,no_signal
1780088400,2026-05-29 21:00 UTC,,,no_signal,no_signal
1780088700,2026-05-29 21:05 UTC,,,no_signal,no_signal
1780089000,2026-05-29 21:10 UTC,,,no_signal,no_signal
1780089300,2026-05-29 21:15 UTC,,,no_signal,no_signal
1780089600,2026-05-29 21:20 UTC,,,no_signal,no_signal
1780089900,2026-05-29 21:25 UTC,,,no_signal,no_signal
1780090200,2026-05-29 21:30 UTC,,,no_signal,no_signal
1780090500,2026-05-29 21:35 UTC,,,no_signal,no_signal
1780090800,2026-05-29 21:40 UTC,,,no_signal,no_signal
1780091100,2026-05-29 21:45 UTC,,,no_signal,no_signal
1780091400,2026-05-29 21:50 UTC,,,no_signal,no_signal
1780091700,2026-05-29 21:55 UTC,long,yes,,aligned
1780092000,2026-05-29 22:00 UTC,long,,entry_price_out_of_range,execution_skip
1780092300,2026-05-29 22:05 UTC,long,,entry_price_out_of_range,execution_skip
1780092600,2026-05-29 22:10 UTC,long,yes,,aligned
1780092900,2026-05-29 22:15 UTC,long,,entry_price_out_of_range,execution_skip
1780093200,2026-05-29 22:20 UTC,,,no_signal,no_signal
1780093500,2026-05-29 22:25 UTC,,,no_signal,no_signal
1780093800,2026-05-29 22:30 UTC,,,no_signal,no_signal
1780094100,2026-05-29 22:35 UTC,,,no_signal,no_signal
1780094400,2026-05-29 22:40 UTC,,,no_signal,no_signal
1780094700,2026-05-29 22:45 UTC,,,no_signal,no_signal
1780095000,2026-05-29 22:50 UTC,,,no_signal,no_signal
1780095300,2026-05-29 22:55 UTC,,,no_signal,no_signal
1780095600,2026-05-29 23:00 UTC,,,no_signal,no_signal
1780095900,2026-05-29 23:05 UTC,,,no_signal,no_signal
1780096200,2026-05-29 23:10 UTC,,,no_signal,no_signal
1780096500,2026-05-29 23:15 UTC,long,,entry_price_out_of_range,execution_skip
1780096800,2026-05-29 23:20 UTC,,,no_signal,no_signal
1780097100,2026-05-29 23:25 UTC,long,,entry_price_out_of_range,execution_skip
1780097400,2026-05-29 23:30 UTC,long,,entry_price_out_of_range,execution_skip
1780097700,2026-05-29 23:35 UTC,long,yes,,aligned
1780098000,2026-05-29 23:40 UTC,long,,entry_price_out_of_range,execution_skip
1780098300,2026-05-29 23:45 UTC,,,no_signal,no_signal
1780098600,2026-05-29 23:50 UTC,,,no_signal,no_signal
1780098900,2026-05-29 23:55 UTC,,,no_signal,no_signal
